{
  "dataset": "small_data/citeseer/citeseer",
  "n_nodes": 2110,
  "n_edges": 7388,
  "meta": {
    "ppnp_supervised": {
      "dim": 6,
      "elapsed": 9.462554454803467
    },
    "ppnp": {
      "dim": 8,
      "elapsed": 4.141651153564453
    },
    "ppr_full": {
      "dim": 8,
      "elapsed": 0.26643919944763184
    },
    "ppr_sparse": {
      "dim": 8,
      "elapsed": 0.9210348129272461
    },
    "ase": {
      "dim": 6,
      "elapsed": 2.8312606811523438
    },
    "lse": {
      "dim": 9,
      "elapsed": 10.053488969802856
    }
  },
  "scores": {
    "ppnp_supervised": {
      "accuracy": 0.6608741442864665,
      "f1_macro": 0.5869270980962857,
      "f1_micro": 0.6608741442864665
    },
    "ppnp": {
      "accuracy": 0.6682464454976303,
      "f1_macro": 0.587471523183376,
      "f1_micro": 0.6682464454976303
    },
    "ppr_full": {
      "accuracy": 0.6908899420747762,
      "f1_macro": 0.6131850884713317,
      "f1_micro": 0.6908899420747762
    },
    "ppr_sparse": {
      "accuracy": 0.6482359136387572,
      "f1_macro": 0.5724277749516086,
      "f1_micro": 0.6482359136387572
    },
    "ase": {
      "accuracy": 0.6097946287519748,
      "f1_macro": 0.5218594543830416,
      "f1_micro": 0.6097946287519748
    },
    "lse": {
      "accuracy": 0.4965771458662454,
      "f1_macro": 0.39788818817028454,
      "f1_micro": 0.4965771458662454
    }
  }
}
