{
  "dataset": "small_data/cora/cora",
  "n_nodes": 2810,
  "n_edges": 15962,
  "meta": {
    "ppnp_supervised": {
      "dim": 7,
      "elapsed": 8.989049196243286
    },
    "ppnp": {
      "dim": 8,
      "elapsed": 2.8104538917541504
    },
    "ppr_full": {
      "dim": 8,
      "elapsed": 0.0781698226928711
    },
    "ppr_sparse": {
      "dim": 8,
      "elapsed": 0.17858672142028809
    },
    "ase": {
      "dim": 8,
      "elapsed": 0.4754049777984619
    },
    "lse": {
      "dim": 10,
      "elapsed": 0.772911548614502
    }
  },
  "scores": {
    "ppnp_supervised": {
      "accuracy": 0.8220640569395018,
      "f1_macro": 0.8020884103624006,
      "f1_micro": 0.8220640569395018
    },
    "ppnp": {
      "accuracy": 0.7904310003954133,
      "f1_macro": 0.7703980663772013,
      "f1_micro": 0.7904310003954133
    },
    "ppr_full": {
      "accuracy": 0.7959667852906287,
      "f1_macro": 0.7760159203911484,
      "f1_micro": 0.7959667852906287
    },
    "ppr_sparse": {
      "accuracy": 0.7872676947410043,
      "f1_macro": 0.7763741063544956,
      "f1_micro": 0.7872676947410043
    },
    "ase": {
      "accuracy": 0.723210755239225,
      "f1_macro": 0.6861898790946329,
      "f1_micro": 0.7232107552392251
    },
    "lse": {
      "accuracy": 0.752866745749308,
      "f1_macro": 0.7237899671621605,
      "f1_micro": 0.752866745749308
    }
  }
}
