{
  "dataset": "small_data/cora/cora",
  "n_nodes": 2810,
  "n_edges": 15962,
  "meta": {
    "ppnp_supervised": {
      "dim": 7,
      "elapsed": 10.070063591003418
    },
    "ppnp": {
      "dim": 8,
      "elapsed": 3.951396942138672
    },
    "ppr_full": {
      "dim": 8,
      "elapsed": 0.3214836120605469
    },
    "ppr_sparse": {
      "dim": 8,
      "elapsed": 1.0597693920135498
    },
    "ase": {
      "dim": 8,
      "elapsed": 2.1786997318267822
    },
    "lse": {
      "dim": 10,
      "elapsed": 4.135225772857666
    }
  },
  "scores": {
    "ppnp_supervised": {
      "accuracy": 0.8220640569395018,
      "f1_macro": 0.8020884103624006,
      "f1_micro": 0.8220640569395018
    },
    "ppnp": {
      "accuracy": 0.7904310003954133,
      "f1_macro": 0.7703980663772013,
      "f1_micro": 0.7904310003954133
    },
    "ppr_full": {
      "accuracy": 0.7959667852906287,
      "f1_macro": 0.7760159203911484,
      "f1_micro": 0.7959667852906287
    },
    "ppr_sparse": {
      "accuracy": 0.7868722815342032,
      "f1_macro": 0.7751366035718706,
      "f1_micro": 0.7868722815342032
    },
    "ase": {
      "accuracy": 0.723210755239225,
      "f1_macro": 0.6861898790946329,
      "f1_micro": 0.7232107552392251
    },
    "lse": {
      "accuracy": 0.752866745749308,
      "f1_macro": 0.7237899671621605,
      "f1_micro": 0.752866745749308
    }
  }
}

