{
  "dataset": "small_data/pubmed/pubmed",
  "n_nodes": 19717,
  "n_edges": 88648,
  "meta": {
    "ppnp_supervised": {
      "dim": 3,
      "elapsed": 6.075355052947998
    },
    "ppnp": {
      "dim": 8,
      "elapsed": 2.390730142593384
    },
    "ppr_full": {
      "dim": 8,
      "elapsed": 1.2963902950286865
    },
    "ppr_sparse": {
      "dim": 8,
      "elapsed": 5.4489545822143555
    },
    "ase": {
      "dim": 11,
      "elapsed": 14.820575475692749
    },
    "lse": {
      "dim": 10,
      "elapsed": 57.99991321563721
    }
  },
  "scores": {
    "ppnp_supervised": {
      "accuracy": 0.766877042713851,
      "f1_macro": 0.7547901308316893,
      "f1_micro": 0.766877042713851
    },
    "ppnp": {
      "accuracy": 0.7645666629099516,
      "f1_macro": 0.7479380298389385,
      "f1_micro": 0.7645666629099516
    },
    "ppr_full": {
      "accuracy": 0.7923475712836695,
      "f1_macro": 0.777439994963952,
      "f1_micro": 0.7923475712836695
    },
    "ppr_sparse": {
      "accuracy": 0.7189789248281303,
      "f1_macro": 0.700125031231813,
      "f1_micro": 0.7189789248281303
    },
    "ase": {
      "accuracy": 0.7530711146173785,
      "f1_macro": 0.7289994192892535,
      "f1_micro": 0.7530711146173786
    },
    "lse": {
      "accuracy": 0.6579510875690296,
      "f1_macro": 0.6241644257119037,
      "f1_micro": 0.6579510875690296
    }
  }
}
